club,city,versions
1. FC Heidenheim 1846,Heidenheim,15|16|17|18|19|20
1. FC Kaiserslautern,Kaiserslautern,15|16|17|18|19|20
1. FC Köln,Köln,15|16|17|18|19|20
1. FC Magdeburg,Magdeburg,18|19|20
1. FC Nürnberg,Nürnberg,15|16|17|18|19|20
1. FC Union Berlin,Berlin,15|16|17|18|19|20
1. FSV Mainz 05,Mainz,15|16|17|18|19|20
AC Ajaccio,Ajaccio,15|16|17|18|19|20
AC Arles Avignon,Avignon,15
AC Barnechea,Lo Barnechea,15
AC Horsens,Horsens,17|18|19|20
AD Alcorcón,Alcorcón,15|16|17|18|19|20
ADO Den Haag,Den Haag,15|16|17|18|19|20
AEK Athens,Athens,18|19|20
AFC Eskilstuna,Eskilstuna,18|20
AFC Wimbledon,London,15|16|17|18|19|20
AIK,Solna,15|16|17|18|19|20
AJ Auxerre,Auxerre,15|16|17|18|19|20
AS Béziers,Béziers,19
AS Monaco,Monaco,15|16|17|18|19|20
AS Nancy Lorraine,Nancy,15|16|17|18|19|20
AS Saint-Étienne,Saint-Étienne,15|16|17|18|19|20
AZ Alkmaar,Alkmaar,15|16|17|18|19|20
Aalborg BK,Aalborg,15|16|17|18|19|20
Aalesunds FK,Ålesund,15|18
Aarhus GF,Aarhus,16|17|18|19|20
Aberdeen,Aberdeen,15|16|17|18|19|20
Abha Club,Abha,20
Academica Clinceni,Clinceni,20
Accrington Stanley,Accrington,15|16|17|18|19|20
Adanaspor,Adana,17
Adelaide United,Adelaide,15|16|17|18|19|20
Ajax,Amsterdam,15|16|17|18|19|20
Akhisar Belediyespor,Akhisar,15|16|17|18|19
Al Adalah,Al-Hasa,20
Al Ahli,Jeddah,15|16|17|18|19|20
Al Ain FC,Al Ain,20
Al Batin,Hafar al-Batin,17|18|19
Al Faisaly,Harmah,15|16|17|18|19|20
Al Fateh,Al-Hasa,15|16|17|18|19|20
Al Fayha,Al Majma'ah,18|19|20
Al Hazem,Ar Rass,19|20
Al Hilal,Riyadh,15|16|17|18|19|20
Al Ittihad,Jeddah,15|16|17|18|19|20
Al Khaleej,Saihat,15|16|17
Al Nassr,Riyadh,15|16|17|18|19|20
Al Orobah,Sakakah,15
Al Qadisiyah,Khobar,16|17|18|19
Al Raed,Buraidah,15|16|17|18|19|20
Al Shabab,Riyadh,15|16|17|18|19|20
Al Shoulla,Al-Kharj,15
Al Taawoun,Buraidah,15|16|17|18|19|20
Al Wehda,Mecca,16|17|19|20
Alanyaspor,Alanya,17|18|19|20
Albacete BP,Albacete,15|16|18|19|20
Albirex Niigata,Niigata,17|18
Alianza Petrolera,Barrancabermeja,15|16|17|18|19|20
Amiens SC,Amiens,17|18|19|20
Amkar Perm,Perm,15|16|17|18
América FC (Minas Gerais),Belo Horizonte,17|19
América de Cali,Cali,18|19|20
Angers SCO,Angers,15|16|17|18|19|20
Antalyaspor,Antalya,16|17|18|19|20
Argentina,Buenos Aires,17|19
Argentinos Juniors,Buenos Aires,16|18|19|20
Arka Gdynia,Gdynia,17|18|19|20
Arsenal,London,15|16|17|18|19|20
Arsenal Tula,Tula,15|17|18
Arsenal de Sarandí,Sarandí,15|16|17|18|20
Ascoli,Ascoli Piceno,16|17|18|19|20
Associação Académica de Coimbra,Coimbra,15|16
Aston Villa,Birmingham,15|16|17|18|19|20
Astra Giurgiu,Giurgiu,20
Atalanta,Bergamo,15|16|17|18|19|20
Athletic Club de Bilbao,Bilbao,15|16|17|18|19|20
Athlone Town,Athlone,15
Atiker Konyaspor,Konya,15|16|17|18|19|20
Atlanta United,Atlanta,18|19|20
Atlético Bucaramanga,Bucaramanga,17|18|19|20
Atlético Clube Goianiense,Goiânia,18
Atlético Huila,Neiva,15|16|17|18|19|20
Atlético Madrid,Madrid,15|16|17|18|19|20
Atlético Mineiro,Belo Horizonte,17|18|19|20
Atlético Nacional,Medellín,15|16|17|18|19|20
Atlético Paranaense,Curitiba,17|18|19|20
Atlético Tucumán,San Miguel de Tucumán,17|18|19|20
Atlético de Rafaela,Rafaela,15|16|17
Atlético de San Luis,San Luis Potosí,20
Audax Italiano,Santiago,15|16|17|18|19|20
Australia,Canberra,15|16|17|18|19|20
Austria,Vienna,15|16|20
Avaí FC,Florianópolis,17|18|20
Avellino,Avellino,15|16|17|18|19
Avispa Fukuoka,Fukuoka,17
BB Erzurumspor,Erzurum,19
BK Häcken,Gothenburg,15|16|17|18|19|20
BSC Young Boys,Bern,15|16|17|18|19|20
Bahia,Salvador,19|20
Balıkesirspor,Balıkesir,15
Bari,Bari,15|16|17|18|19
Barnet,London,16|17
Barnsley,Barnsley,15|16|17|18|19|20
Bayer 04 Leverkusen,Leverkusen,15|16|17|18|19|20
Bayern München II,Munich,20
Beijing Renhe FC,Beijing,19|20
Beijing Sinobo Guoan FC,Beijing,19|20
Belgium,Brussels,18
Belgrano de Córdoba,Córdoba,15|16|17|18|19
Benevento,Benevento,17|18|19|20
Beşiktaş JK,Istanbul,15|16|17|18|19|20
Bilbao Athletic,Bilbao,16
Birmingham City,Birmingham,15|16|17|18|19|20
Blackburn Rovers,Blackburn,15|16|17|18|19|20
Blackpool,Blackpool,15|16|17|18|19|20
Boavista FC,Porto,15|16|17|18|19|20
Boca Juniors,Buenos Aires,15|16|17|18|19|20
Bohemian FC,Dublin,15|16|17|18|19|20
Bolivia,La Paz,15|16|17|18|19|20
Bologna,Bologna,15|16|17|18|19|20
Bolton Wanderers,Bolton,15|16|17|18|19|20
Borussia Dortmund,Dortmund,15|16|17|18|19|20
Borussia Mönchengladbach,Mönchengladbach,15|16|17|18|19|20
Botafogo,Rio de Janeiro,17|18|19|20
Bournemouth,Bournemouth,15|16|17|18|19|20
Boyacá Chicó FC,Tunja,15|16|17|19
Bradford City,Bradford,15|16|17|18|19|20
Bray Wanderers,Bray,15|16|17|18|19
Brazil,Brasília,16|17|18
Brentford,London,15|16|17|18|19|20
Brescia,Brescia,15|16|17|18|19|20
Brighton & Hove Albion,Brighton,15|16|17|18|19|20
Brisbane Roar,Brisbane,15|16|17|18|19|20
Bristol City,Bristol,15|16|17|18|19|20
Bristol Rovers,Bristol,16|17|18|19|20
Bruk-Bet Termalica Nieciecza,Nieciecza,16|17|18
Brøndby IF,Brøndby,15|16|17|18|19|20
Bulgaria,Sofia,15|16|17|18|19|20
Burnley,Burnley,15|16|17|18|19|20
Bursaspor,Bursa,15|16|17|18|19
Burton Albion,Burton upon Trent,15|16|17|18|19|20
Bury,Bury,15|16|17|18|19|20
Busan IPark,Busan,15
CA Osasuna,Pamplona,15|16|17|18|19|20
CD Antofagasta,Antofagasta,15|16|17|18|19|20
CD Aves,Vila das Aves,18|19|20
CD Cobreloa,Calama,15
CD Cobresal,El Salvador,15|16|17|20
CD Everton de Viña del Mar,Viña del Mar,17|18|19|20
CD Feirense,Santa Maria da Feira,17|18|19
CD Huachipato,Talcahuano,15|16|17|18|19|20
CD Leganés,Leganés,15|16|17|18|19|20
CD Lugo,Lugo,15|16|17|18|19|20
CD Mirandés,Miranda de Ebro,15|16|17|20
CD Nacional,Funchal,15|16|17|19
CD Numancia,Soria,15|16|17|18|19|20
CD O'Higgins,Rancagua,15|16|17|18|19|20
CD Palestino,Santiago,15|16|17|18|19|20
CD Tenerife,Santa Cruz de Tenerife,15|16|17|18|19|20
CD Tondela,Tondela,16|17|18|19|20
CD Universidad de Concepción,Concepción,15|16|17|18|19|20
CE Sabadell FC,Sabadell,15
CF Fuenlabrada,Fuenlabrada,20
CF Rayo Majadahonda,Majadahonda,19
CF Reus Deportiu,Reus,17|18|19
CFR Cluj,Cluj-Napoca,20
CSA - AL,Maceió,20
Cagliari,Cagliari,15|16|17|18|19|20
Cambridge United,Cambridge,15|16|17|18|19|20
Cameroon,Yaoundé,15|16|17|18|19|20
Canada,Ottawa,16|17|18|19|20
Cardiff City,Cardiff,15|16|17|18|19|20
Carlisle United,Carlisle,15|16|17|18|19|20
Carpi,Carpi,15|16|17|18|19
Castellammare di Stabia,Castellammare di Stabia,20
Catania,Catania,15
Ceará Sporting Club,Fortaleza,19|20
Celtic,Glasgow,15|16|17|18|19|20
Central Coast Mariners,Gosford,15|16|17|18|19|20
Central Córdoba,Santiago del Estero,20
Cerezo Osaka,Osaka,18|19|20
Cesena,Cesena,15|16|17|18|19
Chacarita Juniors,Villa Maipú,18
Chamois Niortais Football Club,Niort,15|16|17|18|19|20
Changchun Yatai FC,Changchun,19
Chapecoense,Chapecó,17|18|19|20
Charlton Athletic,London,15|16|17|18|19|20
Chelsea,London,15|16|17|18|19|20
Cheltenham Town,Cheltenham,15|17|18|19|20
Chemnitzer FC,Chemnitz,18|20
Chesterfield,Chesterfield,15|16|17|18
Chicago Fire,Chicago,15|16|17|18|19|20
Chievo Verona,Verona,15|16|17|18|19|20
Chile,Santiago,16|17|18|20
China PR,Beijing,16|17|18
Chindia Târgovişte,Târgovişte,20
Chivas USA,Los Angeles,15
Chongqing Dangdai Lifan FC SWM Team,Chongqing,19|20
Cittadella,Cittadella,15|17|18|19|20
Clermont Foot 63,Clermont-Ferrand,15|16|17|18|19|20
Club América,Mexico City,15|16|17|18|19|20
Club Atlas,Guadalajara,15|16|17|18|19|20
Club Atlético Aldosivi,Mar del Plata,16|17|19|20
Club Atlético Banfield,Banfield,15|16|17|18|19|20
Club Atlético Colón,Santa Fe,16|17|18|19|20
Club Atlético Huracán,Buenos Aires,16|17|18|19|20
Club Atlético Lanús,Lanús,15|16|17|18|19|20
Club Atlético Sarmiento,Junín,16|17
Club Atlético Talleres,Córdoba,17|18|19|20
Club Atlético Temperley,Temperley,16|17|18
Club Atlético Tigre,Victoria,15|16|17|18|19
Club Brugge KV,Bruges,15|16|17|18|19|20
Club Deportes Temuco,Temuco,17|18|19
Club León,León,15|16|17|18|19|20
Club Necaxa,Aguascalientes,17|18|19|20
Club Olimpo,Bahía Blanca,15|16|17|18
Club Tijuana,Tijuana,15|16|17|18|19|20
Clube Sport Marítimo,Funchal,15|16|17|18|19|20
Colchester United,Colchester,15|16|17|18|19|20
Colo-Colo,Santiago,15|16|17|18|19|20
Colombia,Bogotá,15|17|18|20
Colorado Rapids,Commerce City,15|16|17|18|19|20
Columbus Crew SC,Columbus,15|16|17|18|19|20
Como,Como,16
Coquimbo Unido,Coquimbo,20
Coritiba,Curitiba,17|18
Cork City,Cork,15|16|17|18|19|20
Cortuluá,Tuluá,16|17|18
Cosenza,Cosenza,19|20
Coventry City,Coventry,15|16|17|18|19|20
Cracovia,Kraków,15|16|17|18|19|20
Crawley Town,Crawley,15|16|17|18|19|20
Crewe Alexandra,Crewe,15|16|17|18|19|20
Criciúma,Criciúma,17
Crotone,Crotone,15|16|17|18|19|20
Crucero del Norte,Garupá,16
Cruz Azul,Mexico City,15|16|17|18|19|20
Cruzeiro,Belo Horizonte,17|18|19|20
Crystal Palace,London,15|16|17|18|19|20
Cultural Leonesa,León,18
Curicó Unido,Curicó,18|19|20
Czech Republic,Prague,15|16|17|18|19
Cádiz CF,Cádiz,17|18|19|20
Córdoba CF,Córdoba,15|16|17|18|19
Côte d'Ivoire,Yamoussoukro,15|16|17|18|19|20
Cúcuta Deportivo,Cúcuta,16|20
DC United,"Washington, D.C.",15|16|17|18|19|20
DSC Arminia Bielefeld,Bielefeld,16|17|18|19|20
Daegu FC,Daegu,18|19|20
Daejeon Citizen,Daejeon,16
Dagenham and Redbridge,London,15|16
Dalian YiFang FC,Dalian,19|20
Dalkurd FF,Uppsala,19
Damac FC,Khamis Mushait,20
De Graafschap,Doetinchem,16|19
Defensa y Justicia,Florencio Varela,15|16|17|18|19|20
Denizlispor,Denizli,20
Deportes Iquique,Iquique,15|16|17|18|19|20
Deportes Tolima,Ibagué,15|16|17|18|19|20
Deportivo Alavés,Vitoria-Gasteiz,15|16|17|18|19|20
Deportivo Cali,Cali,15|16|17|18|19|20
Deportivo Pasto,Pasto,15|16|17|18|19|20
Deportivo San Marcos de Arica,Arica,15|16
Deportivo Toluca,Toluca,15|16|17|18|19|20
Deportivo de La Coruña,A Coruña,15|16|17|18|19|20
Deportivo Ñublense,Chillán,15
Derby County,Derby,15|16|17|18|19|20
Derry City,Derry,15|16|17|18|19|20
Dijon FCO,Dijon,15|16|17|18|19|20
Dinamo Bucureşti,Bucharest,20
Dinamo Moscow,Moscow,15|16|18
Dinamo Zagreb,Zagreb,19|20
Djurgårdens IF,Stockholm,15|16|17|18|19|20
Doncaster Rovers,Doncaster,15|16|17|18|19|20
Dorados de Sinaloa,Culiacán,16
Drogheda United,Drogheda,15|16|18
Dundalk,Dundalk,15|16|17|18|19|20
Dundee FC,Dundee,15|16|17|18|19
Dundee United,Dundee,15|16
Dynamo Kyiv,Kyiv,19|20
ESTAC Troyes,Troyes,15|16|17|18|19|20
Ecuador,Quito,15|16|17|18|19|20
Egypt,Cairo,15|16|17|18|19|20
Eintracht Braunschweig,Braunschweig,15|16|17|18|19|20
Eintracht Frankfurt,Frankfurt,15|16|17|18|19|20
Elche CF,Elche,15|16|17|19|20
Empoli,Empoli,15|16|17|18|19|20
En Avant de Guingamp,Guingamp,15|16|17|18|19|20
Envigado FC,Envigado,15|16|17|18|19|20
Esbjerg fB,Esbjerg,15|16|17|19|20
Eskişehirspor,Eskişehir,15|16
Estoril Praia,Estoril,15|16|17|18
Estudiantes de La Plata,La Plata,15|16|17|18|19|20
Ettifaq FC,Dammam,17|18|19|20
Everton,Liverpool,15|16|17|18|19|20
Excelsior,Rotterdam,15|16|17|18|19
Exeter City,Exeter,15|16|17|18|19|20
Extremadura UD,Almendralejo,19|20
FC Admira Wacker Mödling,Mödling,15|16|17|18|19|20
FC Anzhi Makhachkala,Makhachkala,16|17|18
FC Arouca,Arouca,15|16|17
FC Augsburg,Augsburg,15|16|17|18|19|20
FC Barcelona,Barcelona,15|16|17|18|19|20
FC Barcelona B,Barcelona,15|18
FC Basel 1893,Basel,15|16|17|18|19|20
FC Bayern München,Munich,15|16|17|18|19|20
FC Botoşani,Botoşani,20
FC Carl Zeiss Jena,Jena,18|19|20
FC Chambly Oise,Chambly,20
FC Cincinnati,Cincinnati,20
FC Dallas,Dallas,15|16|17|18|19|20
FC Dordrecht,Dordrecht,15
FC Emmen,Emmen,19|20
FC Energie Cottbus,Cottbus,19
FC Erzgebirge Aue,Aue,15|17|18|19|20
FC Girondins de Bordeaux,Bordeaux,15|16|17|18|19|20
FC Groningen,Groningen,15|16|17|18|19|20
FC Hansa Rostock,Rostock,18|19|20
FC Helsingør,Helsingør,18
FC Hermannstadt,Sibiu,20
FC Ingolstadt 04,Ingolstadt,15|16|17|18|19|20
FC Juárez,Ciudad Juárez,20
FC Krasnodar,Krasnodar,15|16|17|18
FC København,Copenhagen,15|16|17|18|19|20
FC Lausanne-Sport,Lausanne,17|18
FC Lorient,Lorient,15|16|17|18|19|20
FC Lugano,Lugano,16|17|18|19|20
FC Luzern,Lucerne,15|16|17|18|19|20
FC Metz,Metz,15|16|17|18|19|20
FC Midtjylland,Herning,15|16|17|18|19|20
FC Nantes,Nantes,15|16|17|18|19|20
FC Nordsjælland,Farum,15|16|17|18|19|20
FC Orenburg,Orenburg,17
FC Paços de Ferreira,Paços de Ferreira,15|16|17|18|20
FC Penafiel,Penafiel,15
FC Porto,Porto,15|16|17|18|19|20
FC Pro Vercelli 1892,Vercelli,15|16|17|18
FC Red Bull Salzburg,Salzburg,15|16|17|18|19|20
FC Rostov,Rostov-on-Don,15|16|17|18
FC Rot-Weiß Erfurt,Erfurt,18
FC Schalke 04,Gelsenkirchen,15|16|17|18|19|20
FC Seoul,Seoul,15|16|17|18|19|20
FC Sion,Sion,15|16|17|18|19|20
FC Sochaux-Montbéliard,Montbéliard,15|16|17|18|19|20
FC St. Gallen,St. Gallen,15|16|17|18|19|20
FC St. Pauli,Hamburg,15|16|17|18|19|20
FC Thun,Thun,15|16|17|18|19|20
FC Tokyo,Tokyo,17|18|19|20
FC Tom Tomsk,Tomsk,17
FC Tosno,Tosno,18
FC Twente,Enschede,15|16|17|18|20
FC Ufa,Ufa,15|16|17|18
FC Ural Yekaterinburg,Yekaterinburg,15|16|17|18
FC Utrecht,Utrecht,15|16|17|18|19|20
FC Vaduz,Vaduz,15|16|17
FC Vestsjælland,Slagelse,15
FC Viitorul,Ovidiu,20
FC Voluntari,Voluntari,20
FC Wacker Innsbruck,Innsbruck,19
FC Würzburger Kickers,Würzburg,17|18|19|20
FC Zürich,Zürich,15|16|18|19|20
FCSB (Steaua),Bucharest,20
FK Austria Wien,Vienna,15|16|17|18|19|20
FK Bodø/Glimt,Bodø,15|16|17|19|20
FK Haugesund,Haugesund,15|16|17|18|19|20
FSV Frankfurt,Frankfurt,15|16
FSV Zwickau,Zwickau,18|19|20
Falkenbergs FF,Falkenberg,15|16|17|20
Famalicão,Vila Nova de Famalicão,20
Fenerbahçe SK,Istanbul,15|16|17|18|19|20
Feyenoord,Rotterdam,15|16|17|18|19|20
Figueirense,Florianópolis,17
Finland,Helsinki,15|16|17|18|19|20
Finn Harps,Ballybofey,17|18|20
Fiorentina,Florence,15|16|17|18|19|20
Fleetwood Town,Fleetwood,15|16|17|18|19|20
Fluminense,Rio de Janeiro,16|17|18|19|20
Foggia,Foggia,18|19
Football Bourg En Bresse Peronnas 01,Bourg-en-Bresse,16|17|18
Forest Green Rovers,Nailsworth,18|19|20
Fortaleza,Fortaleza,20
Fortaleza CEIF,Bogotá,15|17
Fortuna Düsseldorf,Düsseldorf,15|16|17|18|19|20
Fortuna Sittard,Sittard,19|20
Frosinone,Frosinone,15|16|17|18|19|20
Fulham,London,15|16|17|18|19|20
GD Chaves,Chaves,17|18
GFC Ajaccio,Ajaccio,15|16|17|18|19
GIF Sundsvall,Sundsvall,17|18|19|20
GKS Bełchatów,Bełchatów,15
Galatasaray SK,Istanbul,15|16|17|18|19|20
Galway United,Galway,18
Gamba Osaka,Suita,17|18|19|20
Gangwon FC,Chuncheon,18|19|20
Gaz Metan Mediaş,Mediaş,20
Gaziantepspor,Gaziantep,15|16|17
Gazişehir Gaziantep F.K.,Gaziantep,20
Gefle IF,Gävle,15|16|17
Genoa,Genoa,15|16|17|18|19|20
Gençlerbirliği SK,Ankara,15|16|17|18|20
Getafe CF,Getafe,15|16|17|18|19|20
Gil Vicente FC,Barcelos,15|20
Gillingham,Gillingham,15|16|17|18|19|20
Gimnasia y Esgrima La Plata,La Plata,15|16|17|18|19|20
Gimnàstic de Tarragona,Tarragona,16|17|18|19
Girona FC,Girona,15|16|17|18|19|20
Go Ahead Eagles,Deventer,15|17
Godoy Cruz,Mendoza,15|16|17|18|19|20
Goiás,Goiânia,17|20
Granada CF,Granada,15|16|17|18|19|20
Grasshopper Club Zürich,Zürich,15|16|17|18|19
Greece,Athens,15|16|17|18|19
Grenoble Foot 38,Grenoble,19|20
Grimsby Town,Cleethorpes,17|18|19|20
Grêmio,Porto Alegre,17|18|19|20
Guadalajara,Guadalajara,15|16|17|18|19|20
Guangzhou Evergrande Taobao FC,Guangzhou,19|20
Guangzhou R&F FC,Guangzhou,19|20
Guizhou Hengfeng FC,Guiyang,19
GwangJu FC,Gwangju,16|17|18
Gyeongnam FC,Changwon,15|19|20
Górnik Zabrze,Zabrze,15|16|18|19|20
Górnik Łęczna,Łęczna,15|16|17
Göztepe SK,İzmir,18|19|20
HJK Helsinki,Helsinki,17|18|19|20
Hajer,Al-Hasa,15|16
Hallescher FC,Halle,18|19|20
Halmstads BK,Halmstad,18
Hamburger SV,Hamburg,15|16|17|18|19|20
Hamilton Academical FC,Hamilton,15|16|17|18|19|20
Hammarby IF,Stockholm,16|17|18|19|20
Hannover 96,Hannover,15|16|17|18|19|20
Hartlepool United,Hartlepool,15|16|17
Heart of Midlothian,Edinburgh,16|17|18|19|20
Hebei China Fortune FC,Langfang,19|20
Hellas Verona,Verona,15|16|17|18|19|20
Helsingborgs IF,Helsingborg,15|16|17|20
Henan Jianye FC,Zhengzhou,19|20
Heracles Almelo,Almelo,15|16|17|18|19|20
Hertha BSC,Berlin,15|16|17|18|19|20
Hibernian,Edinburgh,18|19|20
Hobro IK,Hobro,15|16|18|19|20
Hokkaido Consadole Sapporo,Sapporo,18|19|20
Holstein Kiel,Kiel,18|19|20
Houston Dynamo,Houston,15|16|17|18|19|20
Huddersfield Town,Huddersfield,15|16|17|18|19|20
Hull City,Kingston upon Hull,15|16|17|18|19|20
Hungary,Budapest,15|16|17|18|19|20
IF Brommapojkarna,Stockholm,15|19
IF Elfsborg,Borås,15|16|17|18|19|20
IFK Göteborg,Göteborg,15|16|17|18|19|20
IFK Norrköping,Norrköping,15|16|17|18|19|20
IK Sirius,Uppsala,18|19|20
IK Start,Kristiansand,15|16|17|19
Iceland,Reykjavík,18|19|20
Incheon United FC,Incheon,15|16|17|18|19|20
Independiente,Avellaneda,15|16|17|18|19|20
Independiente Medellín,Medellín,15|16|17|18|19|20
Independiente Santa Fe,Bogotá,15|16|17|18|19|20
India,New Delhi,15|16|17|18|19|20
Inter,Milan,15|16|17|18|19|20
Internacional,Porto Alegre,17|19|20
Inverness Caledonian Thistle,Inverness,15|16|17
Ipswich Town,Ipswich,15|16|17|18|19|20
Itagüí Leones FC,Itagüí,19
Italy,Rome,17
Jagiellonia Białystok,Białystok,15|16|17|18|19|20
Jaguares de Chiapas,Tuxtla Gutiérrez,15|16|17
Jaguares de Córdoba,Montería,16|17|18|19|20
Jeju United FC,Seogwipo,15|16|17|18|19|20
Jeonbuk Hyundai Motors,Jeonju,15|16|17|18|19|20
Jeonnam Dragons,Gwangyang,15|16|17|18|19
Jiangsu Suning FC,Nanjing,19|20
Joinville,Joinville,17
Junior FC,Barranquilla,15|16|17|18|19|20
Juventus,Turin,15|16|17|18|19|20
Jönköpings Södra IF,Jönköping,17|18
Júbilo Iwata,Iwata,17|18|19|20
KAA Gent,Ghent,15|16|17|18|19|20
KAS Eupen,Eupen,17|18|19|20
KFC Uerdingen 05,Krefeld,19|20
KRC Genk,Genk,15|16|17|18|19|20
KSV Cercle Brugge,Bruges,15|19|20
KV Kortrijk,Kortrijk,15|16|17|18|19|20
KV Mechelen,Mechelen,15|16|17|18|20
KV Oostende,Ostend,15|16|17|18|19|20
KVC Westerlo,Westerlo,15|17
Kaizer Chiefs,Johannesburg,15|16|17|18|19|20
Kalmar FF,Kalmar,15|16|17|18|19|20
Kardemir Karabükspor,Karabük,15|17|18
Karlsruher SC,Karlsruhe,15|16|17|18|19|20
Kashima Antlers,Kashima,17|18|19|20
Kashiwa Reysol,Kashiwa,17|18|19
Kasimpaşa SK,Istanbul,15|16|17|18|19|20
Kawasaki Frontale,Kawasaki,17|18|19|20
Kayseri Erciyesspor,Kayseri,15
Kayserispor,Kayseri,16|17|18|19|20
Kilmarnock,Kilmarnock,15|16|17|18|19|20
Korea Republic,Seoul,15
Korona Kielce,Kielce,15|16|17|18|19|20
Kristiansund BK,Kristiansund,18|19|20
Krylya Sovetov Samara,Samara,16|17
Kuban Krasnodar,Krasnodar,15|16
LA Galaxy,Los Angeles,15|16|17|18|19|20
LASK Linz,Linz,18|19|20
LKS Lodz,Łódź,20
LOSC Lille,Lille,15|16|17|18|19|20
La Berrichonne de Châteauroux,Châteauroux,15|18|19|20
La Equidad,Bogotá,15|16|17|18|19|20
Latina,Latina,15|16|17
Lazio,Rome,15|16|17|18|19|20
Le Havre AC,Le Havre,15|16|17|18|19|20
Le Mans FC,Le Mans,20
Lecce,Lecce,19|20
Lech Poznań,Poznań,15|16|17|18|19|20
Lechia Gdańsk,Gdańsk,15|16|17|18|19|20
Leeds United,Leeds,15|16|17|18|19|20
Legia Warszawa,Warsaw,15|16|17|18|19|20
Leicester City,Leicester,15|16|17|18|19|20
Leones Negros de la UdeG,Guadalajara,15
Levante UD,Valencia,15|16|17|18|19|20
Leyton Orient,London,15|16|17|20
Lierse SK,Lier,15
Lillestrøm SK,Lillestrøm,15|16|17|18|19|20
Limerick FC,Limerick,15|16|18|19
Lincoln City,Lincoln,18|19|20
Liverpool,Liverpool,15|16|17|18|19|20
Livingston FC,Livingston,19|20
Livorno,Livorno,15|16|19|20
Lobos BUAP,Puebla,18|19
Lokomotiv Moscow,Moscow,15|16|17|18|19|20
Lorca FC,Lorca,18
Los Angeles FC,Los Angeles,19|20
Luton Town,Luton,15|16|17|18|19|20
Lyngby BK,Lyngby,17|18|20
MKE Ankaragücü,Ankara,19|20
MSV Duisburg,Duisburg,16|18|19|20
Macclesfield Town,Macclesfield,19|20
Malmö FF,Malmö,15|16|17|18|19|20
Manchester City,Manchester,15|16|17|18|19|20
Manchester United,Manchester,15|16|17|18|19|20
Mansfield Town,Mansfield,15|16|17|18|19|20
Matsumoto Yamaga,Matsumoto,20
Medipol Başakşehir FK,Istanbul,15|16|17|18|19|20
Melbourne City FC,Melbourne,15|16|17|18|19|20
Melbourne Victory,Melbourne,15|16|17|18|19|20
Mersin İdman Yurdu,Mersin,15|16
Mexico,Mexico City,20
Middlesbrough,Middlesbrough,15|16|17|18|19|20
Miedź Legnica,Legnica,19
Milan,Milan,15|16|17|18|19|20
Millonarios FC,Bogotá,15|16|17|18|19|20
Millwall,London,15|16|17|18|19|20
Milton Keynes Dons,Milton Keynes,15|16|17|18|19|20
Minnesota United FC,Saint Paul,18|19|20
Mjällby AIF,Hällevik,15
Mjøndalen IF,Mjøndalen,16|20
Modena,Modena,15|16
Molde FK,Molde,15|16|17|18|19|20
Monarcas Morelia,Morelia,15|16|17|18|19|20
Monterrey,Monterrey,15|16|17|18|19|20
Montpellier HSC,Montpellier,15|16|17|18|19|20
Montreal Impact,Montreal,15|16|17|18|19|20
Mordovia Saransk,Saransk,15|16
Morecambe,Morecambe,15|16|17|18|19|20
Moreirense FC,Moreira de Cónegos,15|16|17|18|19|20
Motherwell,Motherwell,15|16|17|18|19|20
Málaga CF,Málaga,15|16|17|18|19|20
NAC Breda,Breda,15|18|19
NEC Nijmegen,Nijmegen,16|17
Nagoya Grampus,Nagoya,17|19|20
Najran SC,Najran,15|16
Napoli,Naples,15|16|17|18|19|20
Netherlands,Amsterdam,15|20
Neuchâtel Xamax,Neuchâtel,19|20
New England Revolution,Foxborough,15|16|17|18|19|20
New York City FC,New York City,16|17|18|19|20
New York Red Bulls,Harrison,15|16|17|18|19|20
New Zealand,Wellington,15|16|18|19|20
Newcastle Jets,Newcastle,15|16|17|18|19|20
Newcastle United,Newcastle,15|16|17|18|19|20
Newell's Old Boys,Rosario,15|16|17|18|19|20
Newport County,Newport,15|16|17|18|19|20
Northampton Town,Northampton,15|16|17|18|19|20
Northern Ireland,Belfast,17|20
Norway,Oslo,18
Norwich City,Norwich,15|16|17|18|19|20
Nottingham Forest,Nottingham,15|16|17|18|19|20
Notts County,Nottingham,15|16|17|18|19
Novara,Novara,16|17|18
Nueva Chicago,Buenos Aires,16
Nîmes Olympique,Nîmes,15|16|17|18|19|20
OGC Nice,Nice,15|16|17|18|19|20
Odds BK,Skien,15|16|17|18|19|20
Odense Boldklub,Odense,15|16|17|18|19|20
Ohod Club,Medina,18|19
Oita Trinita,Oita,20
Oldham Athletic,Oldham,15|16|17|18|19|20
Olympiacos CFP,Piraeus,15|16|17|18|19|20
Olympique Lyonnais,Lyon,15|16|17|18|19|20
Olympique de Marseille,Marseille,15|16|17|18|19|20
Omiya Ardija,Saitama,17|18
Once Caldas,Manizales,15|16|17|18|19|20
Orlando City SC,Orlando,16|17|18|19|20
Orlando Pirates,Johannesburg,15|16|17|18|19|20
Os Belenenses,Lisbon,15|16|17|18|19|20
Osmanlıspor,Ankara,16|17|18
Oud-Heverlee Leuven,Leuven,16
Oxford United,Oxford,15|16|17|18|19|20
PAOK,Thessaloniki,15|16|17|18|19|20
PEC Zwolle,Zwolle,15|16|17|18|19|20
PFC CSKA Moscow,Moscow,15|16|17|18|19|20
PSV,Eindhoven,15|16|17|18|19|20
Pachuca,Pachuca,15|16|17|18|19|20
Padova,Padua,19
Palermo,Palermo,15|16|17|18|19
Palmeiras,São Paulo,17|18
Panathinaikos FC,Athens,15|16|17|18|19|20
Paraguay,Asunción,15|16|17|18|19|20
Paraná,Curitiba,19
Paris FC,Paris,16|18|19|20
Paris Saint-Germain,Paris,15|16|17|18|19|20
Parma,Parma,15|18|19|20
Partick Thistle FC,Glasgow,15|16|17|18
Patriotas Boyacá FC,Tunja,15|16|17|18|19|20
Patronato,Paraná,17|18|19|20
Perth Glory,Perth,15|16|17|18|19|20
Peru,Lima,15|16|17|18|19|20
Perugia,Perugia,15|16|17|18|19|20
Pescara,Pescara,15|16|17|18|19|20
Peterborough United,Peterborough,15|16|17|18|19|20
Philadelphia Union,Chester,15|16|17|18|19|20
Piast Gliwice,Gliwice,15|16|17|18|19|20
Pisa,Pisa,17|20
Plymouth Argyle,Plymouth,15|16|17|18|19|20
Podbeskidzie Bielsko-Biała,Bielsko-Biała,15|16
Pogoń Szczecin,Szeczin,15|16|17|18|19|20
Pohang Steelers,Pohang,15|16|17|18|19|20
Poland,Warsaw,15|18|19|20
Politehnica Iaşi,Iași,20
Ponte Preta,Campinas,17|18
Pordenone,Pordenone,20
Port Vale,Stoke-on-Trent,15|16|17|18|19|20
Portimonense SC,Portimão,18|19|20
Portland Timbers,Portland,15|16|17|18|19|20
Portsmouth,Portsmouth,15|16|17|18|19|20
Portugal,Lisbon,15|17|18|19
Preston North End,Preston,15|16|17|18|19|20
Puebla FC,Puebla,15|16|17|18|19|20
Queens Park Rangers,London,15|16|17|18|19|20
Querétaro,Querétaro,15|16|17|18|19|20
Quilmes Atlético Club,Quilmes,15|16|17
RB Leipzig,Leipzig,15|16|17|18|19|20
RC Celta,Vigo,15|16|17|18|19|20
RC Strasbourg Alsace,Strasbourg,17|18|19|20
RCD Espanyol,Barcelona,15|16|17|18|19|20
RCD Mallorca,Palma,15|16|17|19|20
RKC Waalwijk,Waalwijk,20
RSC Anderlecht,Brussels,15|16|17|18|19|20
Racing Club,Avellaneda,15|16|17|18|19|20
Racing Club de Lens,Lens,15|16|17|18|19|20
Racing Santander,Santander,15|20
Raków Częstochowa,Częstochowa,20
Randers FC,Randers,15|16|17|18|19|20
Rangers FC,Glasgow,15|17|18|19|20
Ranheim Fotball,Trondheim,19|20
Rayo Vallecano,Madrid,15|16|17|18|19|20
Reading,Reading,15|16|17|18|19|20
Real Betis,Seville,15|16|17|18|19|20
Real Madrid,Madrid,15|16|17|18|19|20
Real Oviedo,Oviedo,16|17|18|19|20
Real Salt Lake,Salt Lake City,15|16|17|18|19|20
Real Sociedad,San Sebastián,15|16|17|18|19|20
Real Sporting de Gijón,Gijón,15|16|17|18|19|20
Real Valladolid CF,Valladolid,15|16|17|18|19|20
Real Zaragoza,Zaragoza,15|16|17|18|19|20
Red Star FC,Saint-Ouen,16|17|19
Rio Ave FC,Vila do Conde,15|16|17|18|19|20
Rionegro Águilas,Rionegro,15|16|17|18|19|20
River Plate,Buenos Aires,15|16|17|18|19|20
Rochdale,Rochdale,15|16|17|18|19|20
Roda JC Kerkrade,Kerkrade,16|17|18
Rodez Aveyron Football,Rodez,20
Roma,Rome,15|16|17|18|19|20
Romania,Bucharest,15|16|17|18|19|20
Rosario Central,Rosario,15|16|17|18|19|20
Rosenborg BK,Trondheim,15|16|17|18|19|20
Ross County FC,Dingwall,15|16|17|18|20
Rotherham United,Rotherham,15|16|17|18|19|20
Royal Antwerp FC,Antwerp,18|19|20
Royal Excel Mouscron,Mouscron,15|16|17|18|19|20
Rubin Kazan,Kazan,15|16|17|18
Ruch Chorzów,Chorzów,15|17
Russia,Moscow,19|20
SC Braga,Braga,15|16|17|18|19|20
SC Cambuur,Leeuwarden,15|16
SC Fortuna Köln,Köln,18|19
SC Freiburg,Freiburg,15|16|17|18|19|20
SC Heerenveen,Heerenveen,15|16|17|18|19|20
SC Paderborn 07,Paderborn,15|16|18|19|20
SC Preußen Münster,Münster,18|19|20
SC Wiener Neustadt,Wiener Neustadt,15
SCR Altach,Altach,15|16|17|18|19|20
SD Eibar,Eibar,15|16|17|18|19|20
SD Huesca,Huesca,16|17|18|19|20
SD Ponferradina,Ponferrada,15|16|20
SG Dynamo Dresden,Dresden,17|18|19|20
SG Sonnenhof Großaspach,Aspach,18|19|20
SK Brann,Bergen,15|17|18|19|20
SK Rapid Wien,Vienna,15|16|17|18|19|20
SK Slavia Praha,Prague,19|20
SK Sturm Graz,Graz,15|16|17|18|19|20
SKA Khabarovsk,Khabarovsk,18
SKN St. Pölten,Sankt Pölten,17|18|19|20
SL Benfica,Lisbon,15|16|17|18|19|20
SPAL,Ferrara,17|18|19|20
SS Virtus Lanciano,Lanciano,15|16
SSV Jahn Regensburg,Regensburg,18|19|20
SV Darmstadt 98,Darmstadt,15|16|17|18|19|20
SV Grödig,Grödig,15|16
SV Mattersburg,Mattersburg,16|17|18|19|20
SV Meppen,Meppen,18|19|20
SV Ried,Ried im Innkreis,15|16|17
SV Sandhausen,Sandhausen,15|16|17|18|19|20
SV Waldhof Mannheim,Mannheim,20
SV Wehen Wiesbaden,Wiesbaden,18|19|20
SV Werder Bremen,Bremen,15|16|17|18|19|20
SV Werder Bremen II,Bremen,18
SV Zulte-Waregem,Waregem,15|16|17|18|19|20
Sagan Tosu,Tosu,17|18|19|20
Salford City,Salford,20
Sampdoria,Genoa,15|16|17|18|19|20
San Jose Earthquakes,San Jose,15|16|17|18|19|20
San Lorenzo de Almagro,Buenos Aires,15|16|17|18|19|20
San Luis de Quillota,Quillota,16|17|18|19
San Martin de Tucumán,San Miguel de Tucumán,19
San Martín de San Juan,San Juan,16|17|18|19
Sandecja Nowy Sącz,Nowy Sącz,18
Sandefjord Fotball,Sandefjord,16|18|19
Sandnes Ulf,Sandnes,15
Sanfrecce Hiroshima,Hiroshima,17|18|19|20
Sangju Sangmu FC,Sangju,15|17|18|19|20
Santa Clara,Ponta Delgada,19|20
Santa Cruz,Recife,17
Santiago Wanderers,Valparaíso,15|16|17|18
Santos,Santos,17|18|19|20
Santos Laguna,Torreón,15|16|17|18|19|20
Sarpsborg 08 FF,Sarpsborg,15|16|17|18|19|20
Sassuolo,Sassuolo,15|16|17|18|19|20
Scunthorpe United,Scunthorpe,15|16|17|18|19|20
Seattle Sounders FC,Seattle,15|16|17|18|19|20
Seongnam FC,Seongnam,16|20
Sepsi OSK,Sfântu Gheorghe,20
Servette FC,Geneva,20
Sevilla Atlético,Seville,17|18
Sevilla FC,Seville,15|16|17|18|19|20
Shakhtar Donetsk,Donetsk,15|16|17|18|19|20
Shamrock Rovers,Dublin,15|16|17|18|19|20
Shandong Luneng TaiShan FC,Jinan,19|20
Shanghai Greenland Shenhua FC,Shanghai,19|20
Shanghai SIPG FC,Shanghai,19|20
Sheffield United,Sheffield,15|16|17|18|19|20
Sheffield Wednesday,Sheffield,15|16|17|18|19|20
Shenzhen FC,Shenzhen,20
Shimizu S-Pulse,Shizuoka,18|19|20
Shonan Bellmare,Hiratsuka,17|19|20
Shrewsbury,Shrewsbury,15|16|17|18|19|20
Silkeborg IF,Silkeborg,15|17|18|20
Sint-Truidense VV,Sint-Truiden,16|17|18|19|20
Sivasspor,Sivas,15|16|18|19|20
Sligo Rovers,Sligo,15|16|17|18|19|20
Slovenia,Ljubljana,15|16|17|18|19|20
Sogndal Fotball,Sogndal,15|17|18
South Africa,Pretoria,15|16|17|18|19|20
Southampton,Southampton,15|16|17|18|19|20
Southend United,Southend-on-Sea,15|16|17|18|19|20
SpVgg Greuther Fürth,Fürth,15|16|17|18|19|20
SpVgg Unterhaching,Unterhaching,18|19|20
Sparta Praha,Prague,18|19|20
Sparta Rotterdam,Rotterdam,17|18|20
Spartak Moscow,Moscow,15|16|17|18|19|20
Spezia,La Spezia,15|16|17|18|19|20
Sport Club do Recife,Recife,17|18|19
Sporting CP,Lisbon,15|16|17|18|19|20
Sporting Club de Bastia,Bastia,15|16|17
Sporting Kansas City,Kansas City,15|16|17|18|19|20
Sporting Lokeren,Lokeren,15|16|17|18|19
Sporting de Charleroi,Charleroi,15|16|17|18|19|20
St. Johnstone FC,Perth,15|16|17|18|19|20
St. Mirren,Paisley,15|19|20
St. Patrick's Athletic,Dublin,15|16|17|18|19|20
Stabæk Fotball,Bærum,15|16|17|18|19|20
Stade Brestois 29,Brest,15|16|17|18|19|20
Stade Lavallois Mayenne FC,Laval,15|16|17
Stade Malherbe Caen,Caen,15|16|17|18|19|20
Stade Rennais FC,Rennes,15|16|17|18|19|20
Stade de Reims,Reims,15|16|17|18|19|20
Standard de Liège,Liège,15|16|17|18|19|20
Stevenage,Stevenage,15|16|17|18|19|20
Stoke City,Stoke-on-Trent,15|16|17|18|19|20
Strømsgodset IF,Drammen,15|16|17|18|19|20
Sunderland,Sunderland,15|16|17|18|19|20
Suwon FC,Suwon,17
Suwon Samsung Bluewings,Suwon,15|16|17|18|19|20
Swansea City,Swansea,15|16|17|18|19|20
Sweden,Stockholm,15|18|19|20
Swindon Town,Swindon,15|16|17|18|19|20
Switzerland,Bern,15
Sydney FC,Sydney,15|16|17|18|19|20
São Paulo,São Paulo,17|18
SønderjyskE,Haderslev,15|16|17|18|19|20
TSG 1899 Hoffenheim,Sinsheim,15|16|17|18|19|20
TSV 1860 München,Munich,15|16|17|19|20
TSV Hartberg,Hartberg,19|20
Terek Grozny,Grozny,15|16|17|18
Ternana,Terni,15|16|17|18
Tianjin Quanjian FC,Tianjin,19|20
Tianjin TEDA FC,Tianjin,19|20
Tiburones Rojos de Veracruz,Veracruz,15|16|17|18|19|20
Tigres FC,Soacha,18
Tigres U.A.N.L.,Monterrey,15|16|17|18|19|20
Torino,Turin,15|16|17|18|19|20
Toronto FC,Toronto,15|16|17|18|19|20
Torpedo Moscow,Moscow,15
Tottenham Hotspur,London,15|16|17|18|19|20
Toulouse Football Club,Toulouse,15|16|17|18|19|20
Tours FC,Tours,15|16|17|18
Trabzonspor,Trabzon,15|16|17|18|19|20
Tranmere Rovers,Birkenhead,15|19|20
Trapani,Erice,15|16|17|20
Trelleborgs FF,Trelleborg,19
Tromsø IL,Tromsø,16|17|18|19|20
Turkey,Ankara,17|20
U.N.A.M.,Mexico City,15|16|17|18|19|20
UCAM Murcia CF,Murcia,17
UCD AFC,Dublin,15|20
UD Almería,Almería,15|16|17|18|19|20
UD Las Palmas,Las Palmas,15|16|17|18|19|20
UE Llagostera,Llagostera,15|16
US Cremonese,Cremona,18|19|20
US Orléans Loiret Football,Orléans,18|19|20
US Quevilly Rouen Métropole,Le Petit-Quevilly,18
US Salernitana 1919,Salerno,16|17|18|19|20
Udinese,Udine,15|16|17|18|19|20
Ulsan Hyundai FC,Ulsan,15|16|17|18|19|20
Uniautónoma FC,Barranquilla,15|16
Universidad Católica,Santiago,15|16|17|18|19|20
Universidad de Chile,Santiago,15|16|17|18|19|20
Universitatea Craiova,Craiova,20
União da Madeira,Funchal,16
Unión Española,Santiago,15|16|17|18|19|20
Unión La Calera,La Calera,15|16|19|20
Unión Magdalena,Santa Marta,20
Unión de Santa Fe,Santa Fe,16|17|18|19|20
Urawa Red Diamonds,Saitama,17|18|19|20
Uruguay,Montevideo,15|16|17|18|19|20
V-Varen Nagasaki,Nagasaki,19
VVV-Venlo,Venlo,18|19|20
Valencia CF,Valencia,15|16|17|18|19|20
Valenciennes FC,Valenciennes,15|16|17|18|19|20
Vancouver Whitecaps FC,Vancouver,16|17|18|19|20
Varese,Varese,15
Vegalta Sendai,Sendai,17|18|19|20
Vendsyssel FF,Hjørring,19
Venezia FC,Venice,18|19|20
Venezuela,Caracas,15|16|17|18|19|20
Ventforet Kofu,Kōfu,17|18
VfB Stuttgart,Stuttgart,15|16|17|18|19|20
VfL Bochum 1848,Bochum,15|16|17|18|19|20
VfL Osnabrück,Osnabrück,18|19|20
VfL Sportfreunde Lotte,Lotte,18|19
VfL Wolfsburg,Wolfsburg,15|16|17|18|19|20
VfR Aalen,Aalen,15|18|19
Vicenza,Vicenza,15|16|17
Viking FK,Stavanger,15|16|17|18|20
Viktoria Köln,Köln,20
Viktoria Plzeň,Plzeň,19|20
Villarreal CF,Villarreal,15|16|17|18|19|20
Virtus Entella,Chiavari,15|16|17|18|20
Vissel Kobe,Kobe,17|18|19|20
Vitesse,Arnhem,15|16|17|18|19|20
Vitória,Salvador,17|18|19
Vitória Guimarães,Guimarães,15|16|17|18|19|20
Vitória de Setúbal,Setúbal,15|16|17|18|19|20
Vålerenga Fotball,Oslo,15|16|17|18|19|20
Vélez Sarsfield,Buenos Aires,15|16|17|18|19|20
WSG Tirol,Wattens,20
Waasland-Beveren,Beveren,15|16|17|18|19|20
Wales,Cardiff,18|19|20
Walsall,Walsall,15|16|17|18|19|20
Waterford FC,Waterford,19|20
Watford,Watford,15|16|17|18|19|20
Wellington Phoenix,Wellington,15|16|18|19|20
West Bromwich Albion,West Bromwich,15|16|17|18|19|20
West Ham United,London,15|16|17|18|19|20
Western Sydney Wanderers,Sydney,15|19
Western United FC,Melbourne,20
Wexford Youths,Wexford,17
Wigan Athletic,Wigan,15|16|17|18|19|20
Willem II,Tilburg,15|16|17|18|19|20
Wisła Kraków,Kraków,15|16|17|18|19|20
Wisła Płock,Płock,17|18|19|20
Wolfsberger AC,Wolfsberg,15|16|17|18|19|20
Wolverhampton Wanderers,Wolverhampton,15|16|17|18|19|20
Wuhan Zall,Wuhan,20
Wycombe Wanderers,High Wycombe,15|16|17|18|19|20
Yeni Malatyaspor,Malatya,18|19|20
Yeovil Town,Yeovil,15|16|17|18|19
Yokohama F. Marinos,Yokohama,17|18|19|20
York City,York,16
Zagłębie Lubin,Lubin,16|17|18|19|20
Zagłębie Sosnowiec,Sosnowiec,19
Zenit St. Petersburg,Saint Petersburg,15|16|17|18
Åtvidabergs FF,Åtvidaberg,16
Çaykur Rizespor,Rize,15|16|17|19|20
Évian Thonon Gaillard FC,Gaillard,15|16
Örebro SK,Örebro,15|16|17|18|19|20
Östersunds FK,Östersund,17|18|19|20
Śląsk Wrocław,Wrocław,15|17|18|20